{
  "generated_at": "2025-12-15T21:10:21.316537+00:00",
  "root": "/Users/ericschone/Library/Mobile Documents/com~apple~CloudDocs/Y/IPRO",
  "cwd": "/Users/ericschone/Library/Mobile Documents/com~apple~CloudDocs/Y/IPRO",
  "build_script": "/Users/ericschone/Library/Mobile Documents/com~apple~CloudDocs/Y/IPRO/tools/build_dashboard.py",
  "vpi_month": "2025-11",
  "vpi_value": 122.7,
  "fingerprint": "22b1234ab11169ac3f0e3e630cf683d3612d0819cbded0d843226be1cdb99175",
  "fingerprint_inputs": {
    "schema_version": 4,
    "tenants_yaml": "72185327398cda100f03f87f9482092ebd1b84ff28a14798e4add84ee5582bf3",
    "payments_yaml": "dffb23a78b7180be3e88ea15d6236c704a6f8baa3a3ff1c9db7bc30affcbbfc3",
    "dash_cfg_yaml": "37686bcbf532d7e67b4050837deab6d49ec9afdd420936e4f4b5f9d2881472f9",
    "tenant_no_overrides_yaml": "81e3763174a9a46437bf372f54caf96f5201178a31ddc093b7e02af4e8270278",
    "build_script": "7a50bb58ed0fd2254b6b3abf1c331c9be6ba92cd2f95d8bc09b249211cf4fedc",
    "vpi_month": "2025-11",
    "vpi_value": 122.7,
    "latest_payment_period": "2025-11"
  },
  "stats": {
    "tenants_total": 62,
    "payments_rows": 62
  }
}