{
  "generated_at": "2025-12-15T21:10:21.318275+00:00",
  "source": "payments.yaml",
  "period": "2025-11",
  "rows": [
    {
      "tenant_id": "TEN-0003",
      "tenant_no": "02",
      "tenant_status": "Aktiv",
      "name": "B & A Gebäudeservice GmbH",
      "period": "2025-11",
      "base_rent_net": 101.04,
      "bk_nk": 40.41,
      "heating": 14.7,
      "storage_cellar": 0.0,
      "parking": 0.0,
      "cleaning": 0.0,
      "mailroom": 0.0,
      "management_fee": 0.0,
      "other_services": 0.0,
      "total_net": 156.15,
      "total_gross": 185.82
    },
    {
      "tenant_id": "TEN-0012",
      "tenant_no": "05",
      "tenant_status": "Aktiv",
      "name": "Maik Rother Maler Rother",
      "period": "2025-11",
      "base_rent_net": 143.67,
      "bk_nk": 94.51,
      "heating": 34.37,
      "storage_cellar": 41.46,
      "parking": 0.0,
      "cleaning": 0.0,
      "mailroom": 0.0,
      "management_fee": 14.91,
      "other_services": 0.0,
      "total_net": 328.92,
      "total_gross": 391.41
    },
    {
      "tenant_id": "TEN-0018",
      "tenant_no": "07",
      "tenant_status": "Aktiv",
      "name": "Gunar Bach Hausverwaltung/Immobilien",
      "period": "2025-11",
      "base_rent_net": 185.69,
      "bk_nk": 69.82,
      "heating": 25.25,
      "storage_cellar": 0.0,
      "parking": 0.0,
      "cleaning": 0.0,
      "mailroom": 0.0,
      "management_fee": 0.0,
      "other_services": 0.0,
      "total_net": 280.76,
      "total_gross": 334.11
    },
    {
      "tenant_id": "TEN-0017",
      "tenant_no": "08",
      "tenant_status": "Aktiv",
      "name": "ACP IT Solutions GmbH",
      "period": "2025-11",
      "base_rent_net": 6317.41,
      "bk_nk": 3055.96,
      "heating": 1292.91,
      "storage_cellar": 157.98,
      "parking": 295.0,
      "cleaning": 1078.0,
      "mailroom": 0.0,
      "management_fee": 0.0,
      "other_services": 189.0,
      "total_net": 12386.26,
      "total_gross": 14739.65
    },
    {
      "tenant_id": "TEN-0031",
      "tenant_no": "09",
      "tenant_status": "Aktiv",
      "name": "BVS Sachsen – Landesverband öffentlich bestellter und vereidigter sowie qualifizierter Sachverständiger e. V.",
      "period": "2025-11",
      "base_rent_net": 136.26,
      "bk_nk": 44.16,
      "heating": 16.56,
      "storage_cellar": 0.0,
      "parking": 0.0,
      "cleaning": 0.0,
      "mailroom": 2.82,
      "management_fee": 6.13,
      "other_services": 0.0,
      "total_net": 205.93,
      "total_gross": 245.05
    },
    {
      "tenant_id": "TEN-0025",
      "tenant_no": "11",
      "tenant_status": "Aktiv",
      "name": "PBM Projekt Büro Management",
      "period": "2025-11",
      "base_rent_net": 129.31,
      "bk_nk": 50.55,
      "heating": 16.46,
      "storage_cellar": 0.0,
      "parking": 0.0,
      "cleaning": 0.0,
      "mailroom": 0.0,
      "management_fee": 0.0,
      "other_services": 0.0,
      "total_net": 196.32,
      "total_gross": 233.62
    },
    {
      "tenant_id": "TEN-0037",
      "tenant_no": "12",
      "tenant_status": "Aktiv",
      "name": "Gerichtsvollzieherin Silke Ebert",
      "period": "2025-11",
      "base_rent_net": 216.84,
      "bk_nk": 115.37,
      "heating": 43.16,
      "storage_cellar": 0.0,
      "parking": 25.0,
      "cleaning": 0.0,
      "mailroom": 0.0,
      "management_fee": 0.0,
      "other_services": 0.0,
      "total_net": 400.37,
      "total_gross": 400.37
    },
    {
      "tenant_id": "TEN-0057",
      "tenant_no": "14",
      "tenant_status": "Beendet",
      "name": "Investitionsverwaltung Klinik am Tharandter Wald GmbH",
      "period": "2025-11",
      "base_rent_net": 0.0,
      "bk_nk": 0.0,
      "heating": 0.0,
      "storage_cellar": 0.0,
      "parking": 0.0,
      "cleaning": 0.0,
      "mailroom": 0.0,
      "management_fee": 0.0,
      "other_services": 0.0,
      "total_net": 0.0,
      "total_gross": 0.0
    },
    {
      "tenant_id": "TEN-0013",
      "tenant_no": "15",
      "tenant_status": "Aktiv",
      "name": "Landschaftsarchitekten Lagotzki Starke Grütze",
      "period": "2025-11",
      "base_rent_net": 334.69,
      "bk_nk": 116.03,
      "heating": 37.3,
      "storage_cellar": 0.0,
      "parking": 0.0,
      "cleaning": 0.0,
      "mailroom": 6.34,
      "management_fee": 15.06,
      "other_services": 0.0,
      "total_net": 509.42,
      "total_gross": 606.21
    },
    {
      "tenant_id": "TEN-0005",
      "tenant_no": "16",
      "tenant_status": "Aktiv",
      "name": "Latchezar Bossev Weinmarketing Dresden",
      "period": "2025-11",
      "base_rent_net": 280.02,
      "bk_nk": 160.4,
      "heating": 48.82,
      "storage_cellar": 32.93,
      "parking": 25.0,
      "cleaning": 0.0,
      "mailroom": 0.0,
      "management_fee": 0.0,
      "other_services": 0.0,
      "total_net": 547.17,
      "total_gross": 651.13
    },
    {
      "tenant_id": "TEN-0034",
      "tenant_no": "17",
      "tenant_status": "Aktiv",
      "name": "W+ Büro für Ingenieurdienstleistungen",
      "period": "2025-11",
      "base_rent_net": 347.22,
      "bk_nk": 118.63,
      "heating": 38.19,
      "storage_cellar": 0.0,
      "parking": 35.0,
      "cleaning": 0.0,
      "mailroom": 0.0,
      "management_fee": 0.0,
      "other_services": 0.0,
      "total_net": 539.04,
      "total_gross": 641.46
    },
    {
      "tenant_id": "TEN-0006",
      "tenant_no": "21",
      "tenant_status": "Aktiv",
      "name": "Dussmann Service Deutschland GmbH",
      "period": "2025-11",
      "base_rent_net": 486.96,
      "bk_nk": 244.3,
      "heating": 78.65,
      "storage_cellar": 0.0,
      "parking": 0.0,
      "cleaning": 0.0,
      "mailroom": 0.0,
      "management_fee": 0.0,
      "other_services": 0.0,
      "total_net": 809.91,
      "total_gross": 963.79
    },
    {
      "tenant_id": "TEN-0019",
      "tenant_no": "22",
      "tenant_status": "Aktiv",
      "name": "Ingenieurbüro Dr. Elisabeth Seveke",
      "period": "2025-11",
      "base_rent_net": 766.37,
      "bk_nk": 303.35,
      "heating": 131.89,
      "storage_cellar": 0.0,
      "parking": 30.0,
      "cleaning": 0.0,
      "mailroom": 20.19,
      "management_fee": 34.49,
      "other_services": 0.0,
      "total_net": 1286.29,
      "total_gross": 1530.69
    },
    {
      "tenant_id": "TEN-0055",
      "tenant_no": "23",
      "tenant_status": "Beendet",
      "name": "Chauffeur Service Dresden GmbH & Co. KG",
      "period": "2025-11",
      "base_rent_net": 0.0,
      "bk_nk": 0.0,
      "heating": 0.0,
      "storage_cellar": 0.0,
      "parking": 0.0,
      "cleaning": 0.0,
      "mailroom": 0.0,
      "management_fee": 0.0,
      "other_services": 0.0,
      "total_net": 0.0,
      "total_gross": 0.0
    },
    {
      "tenant_id": "TEN-0028",
      "tenant_no": "25",
      "tenant_status": "Aktiv",
      "name": "Staatsbetrieb Sächsisches Immobilien- und Baumanagement",
      "period": "2025-11",
      "base_rent_net": 0.0,
      "bk_nk": 339.92,
      "heating": 101.99,
      "storage_cellar": 370.27,
      "parking": 0.0,
      "cleaning": 0.0,
      "mailroom": 0.0,
      "management_fee": 0.0,
      "other_services": 0.0,
      "total_net": 812.18,
      "total_gross": 812.18
    },
    {
      "tenant_id": "TEN-0001",
      "tenant_no": "27",
      "tenant_status": "Aktiv",
      "name": "Bildungsinstitut des Handels e. V.",
      "period": "2025-11",
      "base_rent_net": 4409.76,
      "bk_nk": 2162.67,
      "heating": 870.52,
      "storage_cellar": 38.6,
      "parking": 49.85,
      "cleaning": 0.0,
      "mailroom": 0.0,
      "management_fee": 0.0,
      "other_services": 0.0,
      "total_net": 7531.4,
      "total_gross": 7531.4
    },
    {
      "tenant_id": "TEN-0015",
      "tenant_no": "34",
      "tenant_status": "Aktiv",
      "name": "Christoph Hein Restauratorengesellschaft mbH",
      "period": "2025-11",
      "base_rent_net": 375.07,
      "bk_nk": 225.05,
      "heating": 127.53,
      "storage_cellar": 166.73,
      "parking": 43.46,
      "cleaning": 0.0,
      "mailroom": 0.0,
      "management_fee": 0.0,
      "other_services": 0.0,
      "total_net": 937.84,
      "total_gross": 1116.03
    },
    {
      "tenant_id": "TEN-0014",
      "tenant_no": "35",
      "tenant_status": "Aktiv",
      "name": "Heidelmann & Klingebiel Planungsgesellschaft mbH",
      "period": "2025-11",
      "base_rent_net": 2092.28,
      "bk_nk": 591.82,
      "heating": 192.47,
      "storage_cellar": 38.38,
      "parking": 43.46,
      "cleaning": 261.41,
      "mailroom": 40.83,
      "management_fee": 95.88,
      "other_services": 0.0,
      "total_net": 3356.53,
      "total_gross": 3994.27
    },
    {
      "tenant_id": "TEN-0026",
      "tenant_no": "36",
      "tenant_status": "Aktiv",
      "name": "SPIE Fleischhauer GmbH",
      "period": "2025-11",
      "base_rent_net": 2087.76,
      "bk_nk": 989.32,
      "heating": 377.46,
      "storage_cellar": 130.67,
      "parking": 145.0,
      "cleaning": 0.0,
      "mailroom": 0.0,
      "management_fee": 0.0,
      "other_services": 0.0,
      "total_net": 3730.21,
      "total_gross": 4438.95
    },
    {
      "tenant_id": "TEN-0020",
      "tenant_no": "37",
      "tenant_status": "Aktiv",
      "name": "Ländliche Erwachsenenbildung im Freistaat Sachsen e. V.",
      "period": "2025-11",
      "base_rent_net": 1100.31,
      "bk_nk": 426.08,
      "heating": 154.11,
      "storage_cellar": 0.0,
      "parking": 0.0,
      "cleaning": 177.68,
      "mailroom": 27.76,
      "management_fee": 49.51,
      "other_services": 0.0,
      "total_net": 1935.45,
      "total_gross": 2303.19
    },
    {
      "tenant_id": "TEN-0002",
      "tenant_no": "38",
      "tenant_status": "Aktiv",
      "name": "H & H Bürodienstleistungen und Reisebüro Hai Vu Dinh",
      "period": "2025-11",
      "base_rent_net": 414.99,
      "bk_nk": 148.13,
      "heating": 55.55,
      "storage_cellar": 0.0,
      "parking": 30.0,
      "cleaning": 0.0,
      "mailroom": 9.45,
      "management_fee": 18.67,
      "other_services": 0.0,
      "total_net": 676.79,
      "total_gross": 805.39
    },
    {
      "tenant_id": "TEN-0021",
      "tenant_no": "40",
      "tenant_status": "Aktiv",
      "name": "Linguwerk GmbH",
      "period": "2025-11",
      "base_rent_net": 5473.25,
      "bk_nk": 1802.9,
      "heating": 676.09,
      "storage_cellar": 0.0,
      "parking": 40.0,
      "cleaning": 375.61,
      "mailroom": 115.0,
      "management_fee": 246.3,
      "other_services": 0.0,
      "total_net": 8729.15,
      "total_gross": 10387.7
    },
    {
      "tenant_id": "TEN-0033",
      "tenant_no": "43",
      "tenant_status": "Aktiv",
      "name": "CfM GmbH & Co. KG Versicherungsmakler",
      "period": "2025-11",
      "base_rent_net": 551.19,
      "bk_nk": 174.18,
      "heating": 60.39,
      "storage_cellar": 0.0,
      "parking": 0.0,
      "cleaning": 0.0,
      "mailroom": 9.73,
      "management_fee": 24.8,
      "other_services": 0.0,
      "total_net": 820.29,
      "total_gross": 820.29
    },
    {
      "tenant_id": "TEN-0016",
      "tenant_no": "45",
      "tenant_status": "Aktiv",
      "name": "Ingenieurbüro Kirsten",
      "period": "2025-11",
      "base_rent_net": 101.53,
      "bk_nk": 44.3,
      "heating": 16.61,
      "storage_cellar": 0.0,
      "parking": 0.0,
      "cleaning": 0.0,
      "mailroom": 2.83,
      "management_fee": 4.57,
      "other_services": 0.0,
      "total_net": 169.84,
      "total_gross": 202.11
    },
    {
      "tenant_id": "TEN-0010",
      "tenant_no": "46",
      "tenant_status": "Aktiv",
      "name": "Helga Eckert",
      "period": "2025-11",
      "base_rent_net": 82.85,
      "bk_nk": 39.77,
      "heating": 14.91,
      "storage_cellar": 0.0,
      "parking": 0.0,
      "cleaning": 0.0,
      "mailroom": 0.0,
      "management_fee": 0.0,
      "other_services": 0.0,
      "total_net": 137.53,
      "total_gross": 163.66
    },
    {
      "tenant_id": "TEN-0029",
      "tenant_no": "48",
      "tenant_status": "Aktiv",
      "name": "SVB Sachverständigenbüro Irmscher",
      "period": "2025-11",
      "base_rent_net": 373.89,
      "bk_nk": 148.79,
      "heating": 54.1,
      "storage_cellar": 64.79,
      "parking": 65.0,
      "cleaning": 0.0,
      "mailroom": 10.35,
      "management_fee": 19.74,
      "other_services": 0.0,
      "total_net": 736.66,
      "total_gross": 876.63
    },
    {
      "tenant_id": "TEN-0058",
      "tenant_no": "51",
      "tenant_status": "Beendet",
      "name": "E.I.G.",
      "period": "2025-11",
      "base_rent_net": 0.0,
      "bk_nk": 0.0,
      "heating": 0.0,
      "storage_cellar": 0.0,
      "parking": 0.0,
      "cleaning": 0.0,
      "mailroom": 0.0,
      "management_fee": 0.0,
      "other_services": 0.0,
      "total_net": 0.0,
      "total_gross": 0.0
    },
    {
      "tenant_id": "TEN-0009",
      "tenant_no": "53",
      "tenant_status": "Aktiv",
      "name": "EDV Medienconsult & Journalistik",
      "period": "2025-11",
      "base_rent_net": 122.08,
      "bk_nk": 39.7,
      "heating": 14.89,
      "storage_cellar": 0.0,
      "parking": 0.0,
      "cleaning": 0.0,
      "mailroom": 2.53,
      "management_fee": 5.49,
      "other_services": 0.0,
      "total_net": 184.69,
      "total_gross": 219.78
    },
    {
      "tenant_id": "TEN-0022",
      "tenant_no": "54",
      "tenant_status": "Aktiv",
      "name": "Sachverständigenbüro Thomas Frick",
      "period": "2025-11",
      "base_rent_net": 402.84,
      "bk_nk": 140.81,
      "heating": 45.34,
      "storage_cellar": 0.0,
      "parking": 61.36,
      "cleaning": 0.0,
      "mailroom": 10.52,
      "management_fee": 18.13,
      "other_services": 0.0,
      "total_net": 679.0,
      "total_gross": 808.0
    },
    {
      "tenant_id": "TEN-0004",
      "tenant_no": "56",
      "tenant_status": "Aktiv",
      "name": "BPS Bildungsportal Sachsen GmbH",
      "period": "2025-11",
      "base_rent_net": 317.43,
      "bk_nk": 115.56,
      "heating": 43.34,
      "storage_cellar": 0.0,
      "parking": 0.0,
      "cleaning": 47.19,
      "mailroom": 7.37,
      "management_fee": 14.28,
      "other_services": 0.0,
      "total_net": 545.17,
      "total_gross": 648.75
    },
    {
      "tenant_id": "TEN-0032",
      "tenant_no": "64",
      "tenant_status": "Aktiv",
      "name": "Uhlig & Wehling GmbH Ingenieurgesellschaft",
      "period": "2025-11",
      "base_rent_net": 570.71,
      "bk_nk": 202.02,
      "heating": 64.94,
      "storage_cellar": 0.0,
      "parking": 0.0,
      "cleaning": 11.05,
      "mailroom": 0.0,
      "management_fee": 25.68,
      "other_services": 0.0,
      "total_net": 874.4,
      "total_gross": 1040.53
    },
    {
      "tenant_id": "TEN-0035",
      "tenant_no": "69",
      "tenant_status": "Aktiv",
      "name": "Willke rail construction GmbH & Co. KG",
      "period": "2025-11",
      "base_rent_net": 1582.38,
      "bk_nk": 611.13,
      "heating": 196.43,
      "storage_cellar": 0.0,
      "parking": 80.0,
      "cleaning": 106.95,
      "mailroom": 33.41,
      "management_fee": 71.21,
      "other_services": 0.0,
      "total_net": 2681.51,
      "total_gross": 3191.0
    },
    {
      "tenant_id": "TEN-0007",
      "tenant_no": "70",
      "tenant_status": "Aktiv",
      "name": "Dresdner Reisezentrum GmbH",
      "period": "2025-11",
      "base_rent_net": 1278.86,
      "bk_nk": 484.42,
      "heating": 181.66,
      "storage_cellar": 0.0,
      "parking": 60.0,
      "cleaning": 197.8,
      "mailroom": 30.9,
      "management_fee": 57.55,
      "other_services": 0.0,
      "total_net": 2291.19,
      "total_gross": 2726.5
    },
    {
      "tenant_id": "TEN-0024",
      "tenant_no": "75",
      "tenant_status": "Aktiv",
      "name": "Energie – Solar – Beratung Dipl.-Ing. (FH) Stephan Mücke",
      "period": "2025-11",
      "base_rent_net": 194.16,
      "bk_nk": 77.66,
      "heating": 29.12,
      "storage_cellar": 0.0,
      "parking": 0.0,
      "cleaning": 0.0,
      "mailroom": 0.0,
      "management_fee": 13.69,
      "other_services": 0.0,
      "total_net": 314.63,
      "total_gross": 374.42
    },
    {
      "tenant_id": "TEN-0048",
      "tenant_no": "78",
      "tenant_status": "Aktiv",
      "name": "ABS Optronics GmbH",
      "period": "2025-11",
      "base_rent_net": 130.83,
      "bk_nk": 44.86,
      "heating": 16.82,
      "storage_cellar": 0.0,
      "parking": 0.0,
      "cleaning": 0.0,
      "mailroom": 0.0,
      "management_fee": 8.75,
      "other_services": 0.0,
      "total_net": 201.26,
      "total_gross": 239.5
    },
    {
      "tenant_id": "TEN-0039",
      "tenant_no": "79",
      "tenant_status": "Aktiv",
      "name": "Prof. Burmeier Ingenieur GmbH",
      "period": "2025-11",
      "base_rent_net": 182.57,
      "bk_nk": 71.6,
      "heating": 23.01,
      "storage_cellar": 88.57,
      "parking": 25.0,
      "cleaning": 25.06,
      "mailroom": 6.45,
      "management_fee": 12.2,
      "other_services": 0.0,
      "total_net": 434.46,
      "total_gross": 517.01
    },
    {
      "tenant_id": "TEN-0027",
      "tenant_no": "80",
      "tenant_status": "Aktiv",
      "name": "Buchhandlung Michael Rother",
      "period": "2025-11",
      "base_rent_net": 97.02,
      "bk_nk": 40.65,
      "heating": 14.78,
      "storage_cellar": 0.0,
      "parking": 0.0,
      "cleaning": 0.0,
      "mailroom": 2.83,
      "management_fee": 4.38,
      "other_services": 0.0,
      "total_net": 159.66,
      "total_gross": 189.99
    },
    {
      "tenant_id": "TEN-0038",
      "tenant_no": "81",
      "tenant_status": "Aktiv",
      "name": "Vierhaus Steuerberatungsgesellschaft",
      "period": "2025-11",
      "base_rent_net": 129.0,
      "bk_nk": 39.7,
      "heating": 14.89,
      "storage_cellar": 0.0,
      "parking": 0.0,
      "cleaning": 0.0,
      "mailroom": 2.53,
      "management_fee": 5.81,
      "other_services": 0.0,
      "total_net": 191.93,
      "total_gross": 228.4
    },
    {
      "tenant_id": "TEN-0011",
      "tenant_no": "83",
      "tenant_status": "Aktiv",
      "name": "Funk Versicherungsmakler GmbH",
      "period": "2025-11",
      "base_rent_net": 7915.91,
      "bk_nk": 1929.38,
      "heating": 819.19,
      "storage_cellar": 299.11,
      "parking": 696.15,
      "cleaning": 0.0,
      "mailroom": 0.0,
      "management_fee": 0.0,
      "other_services": 0.0,
      "total_net": 11659.74,
      "total_gross": 11659.74
    },
    {
      "tenant_id": "TEN-0008",
      "tenant_no": "84",
      "tenant_status": "Aktiv",
      "name": "DC International Business Kultur und Service GmbH",
      "period": "2025-11",
      "base_rent_net": 96.57,
      "bk_nk": 27.86,
      "heating": 10.45,
      "storage_cellar": 50.0,
      "parking": 0.0,
      "cleaning": 0.0,
      "mailroom": 1.78,
      "management_fee": 6.6,
      "other_services": 0.0,
      "total_net": 193.26,
      "total_gross": 229.98
    },
    {
      "tenant_id": "TEN-0023",
      "tenant_no": "86",
      "tenant_status": "Aktiv",
      "name": "Obergerichtsvollzieher Kluge",
      "period": "2025-11",
      "base_rent_net": 226.74,
      "bk_nk": 90.7,
      "heating": 34.01,
      "storage_cellar": 0.0,
      "parking": 0.0,
      "cleaning": 0.0,
      "mailroom": 0.0,
      "management_fee": 16.43,
      "other_services": 0.0,
      "total_net": 367.88,
      "total_gross": 367.88
    },
    {
      "tenant_id": "TEN-0036",
      "tenant_no": "89",
      "tenant_status": "Aktiv",
      "name": "yard fm GmbH",
      "period": "2025-11",
      "base_rent_net": 91.73,
      "bk_nk": 28.34,
      "heating": 10.63,
      "storage_cellar": 0.0,
      "parking": 0.0,
      "cleaning": 0.0,
      "mailroom": 1.81,
      "management_fee": 4.13,
      "other_services": 0.0,
      "total_net": 136.64,
      "total_gross": 162.6
    },
    {
      "tenant_id": "TEN-0040",
      "tenant_no": "91",
      "tenant_status": "Aktiv",
      "name": "Institut für Angewandte Informatik e. V.",
      "period": "2025-11",
      "base_rent_net": 621.98,
      "bk_nk": 269.42,
      "heating": 101.03,
      "storage_cellar": 49.71,
      "parking": 0.0,
      "cleaning": 0.0,
      "mailroom": 14.65,
      "management_fee": 27.99,
      "other_services": 0.0,
      "total_net": 1084.78,
      "total_gross": 1290.9
    },
    {
      "tenant_id": "TEN-0041",
      "tenant_no": "92",
      "tenant_status": "Aktiv",
      "name": "ATHENA Technologie Beratung GmbH",
      "period": "2025-11",
      "base_rent_net": 174.6,
      "bk_nk": 53.9,
      "heating": 20.21,
      "storage_cellar": 0.0,
      "parking": 25.0,
      "cleaning": 0.0,
      "mailroom": 3.44,
      "management_fee": 7.86,
      "other_services": 0.0,
      "total_net": 285.01,
      "total_gross": 339.16
    },
    {
      "tenant_id": "TEN-0056",
      "tenant_no": "94",
      "tenant_status": "Beendet",
      "name": "Hausverwalter24 UG (haftungsbeschränkt)",
      "period": "2025-11",
      "base_rent_net": 0.0,
      "bk_nk": 0.0,
      "heating": 0.0,
      "storage_cellar": 0.0,
      "parking": 0.0,
      "cleaning": 0.0,
      "mailroom": 0.0,
      "management_fee": 0.0,
      "other_services": 0.0,
      "total_net": 0.0,
      "total_gross": 0.0
    },
    {
      "tenant_id": "TEN-0043",
      "tenant_no": "95",
      "tenant_status": "Aktiv",
      "name": "dps Energie GmbH",
      "period": "2025-11",
      "base_rent_net": 294.66,
      "bk_nk": 117.86,
      "heating": 44.2,
      "storage_cellar": 0.0,
      "parking": 0.0,
      "cleaning": 0.0,
      "mailroom": 7.52,
      "management_fee": 13.26,
      "other_services": 0.0,
      "total_net": 477.5,
      "total_gross": 568.23
    },
    {
      "tenant_id": "TEN-0042",
      "tenant_no": "96",
      "tenant_status": "Aktiv",
      "name": "SG Dresdner Bank Dresden e. V.",
      "period": "2025-11",
      "base_rent_net": 145.41,
      "bk_nk": 53.69,
      "heating": 20.13,
      "storage_cellar": 0.0,
      "parking": 0.0,
      "cleaning": 0.0,
      "mailroom": 3.42,
      "management_fee": 6.54,
      "other_services": 0.0,
      "total_net": 229.19,
      "total_gross": 272.74
    },
    {
      "tenant_id": "TEN-0060",
      "tenant_no": "97",
      "tenant_status": "Aktiv",
      "name": "Leaders Academy Dresden",
      "period": "2025-11",
      "base_rent_net": 0.0,
      "bk_nk": 0.0,
      "heating": 0.0,
      "storage_cellar": 0.0,
      "parking": 0.0,
      "cleaning": 0.0,
      "mailroom": 0.0,
      "management_fee": 0.0,
      "other_services": 0.0,
      "total_net": 0.0,
      "total_gross": 0.0
    },
    {
      "tenant_id": "TEN-0044",
      "tenant_no": "99",
      "tenant_status": "Aktiv",
      "name": "H & E Handel und Entwicklungs GmbH",
      "period": "2025-11",
      "base_rent_net": 293.29,
      "bk_nk": 95.5,
      "heating": 35.81,
      "storage_cellar": 0.0,
      "parking": 0.0,
      "cleaning": 0.0,
      "mailroom": 6.09,
      "management_fee": 13.2,
      "other_services": 0.0,
      "total_net": 443.89,
      "total_gross": 528.23
    },
    {
      "tenant_id": "TEN-0045",
      "tenant_no": "101",
      "tenant_status": "Aktiv",
      "name": "BDS Sachsen e. V.",
      "period": "2025-11",
      "base_rent_net": 219.67,
      "bk_nk": 70.3,
      "heating": 26.36,
      "storage_cellar": 0.0,
      "parking": 0.0,
      "cleaning": 0.0,
      "mailroom": 4.48,
      "management_fee": 9.89,
      "other_services": 0.0,
      "total_net": 330.7,
      "total_gross": 330.7
    },
    {
      "tenant_id": "TEN-0046",
      "tenant_no": "102",
      "tenant_status": "Aktiv",
      "name": "Reformer e. V.",
      "period": "2025-11",
      "base_rent_net": 124.05,
      "bk_nk": 39.7,
      "heating": 14.89,
      "storage_cellar": 0.0,
      "parking": 0.0,
      "cleaning": 0.0,
      "mailroom": 2.53,
      "management_fee": 5.58,
      "other_services": 0.0,
      "total_net": 186.75,
      "total_gross": 222.23
    },
    {
      "tenant_id": "TEN-0049",
      "tenant_no": "103",
      "tenant_status": "Aktiv",
      "name": "ZT Outdoor Living GmbH",
      "period": "2025-11",
      "base_rent_net": 662.33,
      "bk_nk": 211.94,
      "heating": 79.48,
      "storage_cellar": 0.0,
      "parking": 0.0,
      "cleaning": 0.0,
      "mailroom": 13.52,
      "management_fee": 29.8,
      "other_services": 0.0,
      "total_net": 997.07,
      "total_gross": 1186.52
    },
    {
      "tenant_id": "TEN-0047",
      "tenant_no": "105",
      "tenant_status": "Aktiv",
      "name": "Sittner Kosmetik",
      "period": "2025-11",
      "base_rent_net": 318.15,
      "bk_nk": 109.08,
      "heating": 40.91,
      "storage_cellar": 0.0,
      "parking": 0.0,
      "cleaning": 0.0,
      "mailroom": 6.96,
      "management_fee": 14.31,
      "other_services": 0.0,
      "total_net": 489.41,
      "total_gross": 582.4
    },
    {
      "tenant_id": "TEN-0050",
      "tenant_no": "106",
      "tenant_status": "Aktiv",
      "name": "Singakademie Dresden e. V.",
      "period": "2025-11",
      "base_rent_net": 168.23,
      "bk_nk": 53.83,
      "heating": 20.19,
      "storage_cellar": 0.0,
      "parking": 0.0,
      "cleaning": 0.0,
      "mailroom": 3.43,
      "management_fee": 7.56,
      "other_services": 0.0,
      "total_net": 253.24,
      "total_gross": 301.36
    },
    {
      "tenant_id": "TEN-0061",
      "tenant_no": "107",
      "tenant_status": "Aktiv",
      "name": "Physiotherapie Bert Krüger",
      "period": "2025-11",
      "base_rent_net": 0.0,
      "bk_nk": 0.0,
      "heating": 0.0,
      "storage_cellar": 0.0,
      "parking": 0.0,
      "cleaning": 0.0,
      "mailroom": 0.0,
      "management_fee": 0.0,
      "other_services": 0.0,
      "total_net": 0.0,
      "total_gross": 0.0
    },
    {
      "tenant_id": "TEN-0062",
      "tenant_no": "108",
      "tenant_status": "Aktiv",
      "name": "Dr. Eric J. Schöne",
      "period": "2025-11",
      "base_rent_net": 0.0,
      "bk_nk": 0.0,
      "heating": 0.0,
      "storage_cellar": 0.0,
      "parking": 0.0,
      "cleaning": 0.0,
      "mailroom": 0.0,
      "management_fee": 0.0,
      "other_services": 0.0,
      "total_net": 0.0,
      "total_gross": 0.0
    },
    {
      "tenant_id": "TEN-0052",
      "tenant_no": "109",
      "tenant_status": "Aktiv",
      "name": "Michael Roth – 3D & VFX Artist",
      "period": "2025-11",
      "base_rent_net": 238.16,
      "bk_nk": 74.43,
      "heating": 44.66,
      "storage_cellar": 0.0,
      "parking": 0.0,
      "cleaning": 0.0,
      "mailroom": 4.56,
      "management_fee": 10.72,
      "other_services": 0.0,
      "total_net": 372.53,
      "total_gross": 443.31
    },
    {
      "tenant_id": "TEN-0054",
      "tenant_no": "N",
      "tenant_status": "Aktiv",
      "name": "HMMW Habich Müller-Magdeburg Weber",
      "period": "2025-11",
      "base_rent_net": 132.32,
      "bk_nk": 95.61,
      "heating": 0.0,
      "storage_cellar": 0.0,
      "parking": 0.0,
      "cleaning": 0.0,
      "mailroom": 0.0,
      "management_fee": 0.0,
      "other_services": 0.0,
      "total_net": 227.93,
      "total_gross": 271.24
    },
    {
      "tenant_id": "TEN-0030",
      "tenant_no": "SP",
      "tenant_status": "Aktiv",
      "name": "Sachverständigenbüro Holger Hertwig",
      "period": "2025-11",
      "base_rent_net": 0.0,
      "bk_nk": 0.0,
      "heating": 0.0,
      "storage_cellar": 0.0,
      "parking": 38.79,
      "cleaning": 0.0,
      "mailroom": 0.0,
      "management_fee": 0.0,
      "other_services": 0.0,
      "total_net": 38.79,
      "total_gross": 46.16
    },
    {
      "tenant_id": "TEN-0053",
      "tenant_no": "",
      "tenant_status": "Aktiv",
      "name": "Gesellschaft für Bahnentwicklung und -beratung (GBB) UG (haftungsbeschränkt)",
      "period": "2025-11",
      "base_rent_net": 179.68,
      "bk_nk": 56.15,
      "heating": 33.69,
      "storage_cellar": 0.0,
      "parking": 0.0,
      "cleaning": 0.0,
      "mailroom": 3.44,
      "management_fee": 8.09,
      "other_services": 0.0,
      "total_net": 281.05,
      "total_gross": 334.45
    },
    {
      "tenant_id": "TEN-0051",
      "tenant_no": "",
      "tenant_status": "Aktiv",
      "name": "INC Ingenieurbüro Noske & Co. GmbH",
      "period": "2025-11",
      "base_rent_net": 269.81,
      "bk_nk": 107.93,
      "heating": 60.71,
      "storage_cellar": 0.0,
      "parking": 0.0,
      "cleaning": 16.53,
      "mailroom": 5.16,
      "management_fee": 12.14,
      "other_services": 0.0,
      "total_net": 472.28,
      "total_gross": 562.01
    },
    {
      "tenant_id": "TEN-0059",
      "tenant_no": "",
      "tenant_status": "Beendet",
      "name": "Lauck & Partner",
      "period": "2025-11",
      "base_rent_net": 0.0,
      "bk_nk": 0.0,
      "heating": 0.0,
      "storage_cellar": 0.0,
      "parking": 0.0,
      "cleaning": 0.0,
      "mailroom": 0.0,
      "management_fee": 0.0,
      "other_services": 0.0,
      "total_net": 0.0,
      "total_gross": 0.0
    }
  ]
}