{
  "generated_at": "2025-12-15T21:10:21.316537+00:00",
  "source": "tenants.yaml",
  "current_vpi": {
    "month": "2025-11",
    "value": 122.7
  },
  "rows": [
    {
      "tenant_id": "TEN-0003",
      "tenant_no": "02",
      "tenant_status": "Aktiv",
      "name": "B & A Gebäudeservice GmbH",
      "delta_vpi_percent": null,
      "status": "—",
      "new_net_amount": null,
      "indexation_details": null
    },
    {
      "tenant_id": "TEN-0012",
      "tenant_no": "05",
      "tenant_status": "Aktiv",
      "name": "Maik Rother Maler Rother",
      "delta_vpi_percent": null,
      "status": "—",
      "new_net_amount": null,
      "indexation_details": null
    },
    {
      "tenant_id": "TEN-0018",
      "tenant_no": "07",
      "tenant_status": "Aktiv",
      "name": "Gunar Bach Hausverwaltung/Immobilien",
      "delta_vpi_percent": null,
      "status": "—",
      "new_net_amount": null,
      "indexation_details": null
    },
    {
      "tenant_id": "TEN-0017",
      "tenant_no": "08",
      "tenant_status": "Aktiv",
      "name": "ACP IT Solutions GmbH",
      "delta_vpi_percent": null,
      "status": "—",
      "new_net_amount": null,
      "indexation_details": null
    },
    {
      "tenant_id": "TEN-0031",
      "tenant_no": "09",
      "tenant_status": "Aktiv",
      "name": "BVS Sachsen – Landesverband öffentlich bestellter und vereidigter sowie qualifizierter Sachverständiger e. V.",
      "delta_vpi_percent": null,
      "status": "—",
      "new_net_amount": null,
      "indexation_details": null
    },
    {
      "tenant_id": "TEN-0025",
      "tenant_no": "11",
      "tenant_status": "Aktiv",
      "name": "PBM Projekt Büro Management",
      "delta_vpi_percent": null,
      "status": "—",
      "new_net_amount": null,
      "indexation_details": null
    },
    {
      "tenant_id": "TEN-0037",
      "tenant_no": "12",
      "tenant_status": "Aktiv",
      "name": "Gerichtsvollzieherin Silke Ebert",
      "delta_vpi_percent": null,
      "status": "—",
      "new_net_amount": null,
      "indexation_details": null
    },
    {
      "tenant_id": "TEN-0057",
      "tenant_no": "14",
      "tenant_status": "Beendet",
      "name": "Investitionsverwaltung Klinik am Tharandter Wald GmbH",
      "delta_vpi_percent": null,
      "status": "—",
      "new_net_amount": null,
      "indexation_details": null
    },
    {
      "tenant_id": "TEN-0013",
      "tenant_no": "15",
      "tenant_status": "Aktiv",
      "name": "Landschaftsarchitekten Lagotzki Starke Grütze",
      "delta_vpi_percent": null,
      "status": "—",
      "new_net_amount": null,
      "indexation_details": null
    },
    {
      "tenant_id": "TEN-0005",
      "tenant_no": "16",
      "tenant_status": "Aktiv",
      "name": "Latchezar Bossev Weinmarketing Dresden",
      "delta_vpi_percent": null,
      "status": "—",
      "new_net_amount": null,
      "indexation_details": null
    },
    {
      "tenant_id": "TEN-0034",
      "tenant_no": "17",
      "tenant_status": "Aktiv",
      "name": "W+ Büro für Ingenieurdienstleistungen",
      "delta_vpi_percent": null,
      "status": "—",
      "new_net_amount": null,
      "indexation_details": null
    },
    {
      "tenant_id": "TEN-0006",
      "tenant_no": "21",
      "tenant_status": "Aktiv",
      "name": "Dussmann Service Deutschland GmbH",
      "delta_vpi_percent": null,
      "status": "—",
      "new_net_amount": null,
      "indexation_details": null
    },
    {
      "tenant_id": "TEN-0019",
      "tenant_no": "22",
      "tenant_status": "Aktiv",
      "name": "Ingenieurbüro Dr. Elisabeth Seveke",
      "delta_vpi_percent": null,
      "status": "—",
      "new_net_amount": null,
      "indexation_details": null
    },
    {
      "tenant_id": "TEN-0055",
      "tenant_no": "23",
      "tenant_status": "Beendet",
      "name": "Chauffeur Service Dresden GmbH & Co. KG",
      "delta_vpi_percent": null,
      "status": "—",
      "new_net_amount": null,
      "indexation_details": null
    },
    {
      "tenant_id": "TEN-0028",
      "tenant_no": "25",
      "tenant_status": "Aktiv",
      "name": "Staatsbetrieb Sächsisches Immobilien- und Baumanagement",
      "delta_vpi_percent": null,
      "status": "—",
      "new_net_amount": null,
      "indexation_details": null
    },
    {
      "tenant_id": "TEN-0001",
      "tenant_no": "27",
      "tenant_status": "Aktiv",
      "name": "Bildungsinstitut des Handels e. V.",
      "delta_vpi_percent": null,
      "status": "—",
      "new_net_amount": null,
      "indexation_details": null
    },
    {
      "tenant_id": "TEN-0015",
      "tenant_no": "34",
      "tenant_status": "Aktiv",
      "name": "Christoph Hein Restauratorengesellschaft mbH",
      "delta_vpi_percent": null,
      "status": "—",
      "new_net_amount": null,
      "indexation_details": null
    },
    {
      "tenant_id": "TEN-0014",
      "tenant_no": "35",
      "tenant_status": "Aktiv",
      "name": "Heidelmann & Klingebiel Planungsgesellschaft mbH",
      "delta_vpi_percent": null,
      "status": "—",
      "new_net_amount": null,
      "indexation_details": null
    },
    {
      "tenant_id": "TEN-0026",
      "tenant_no": "36",
      "tenant_status": "Aktiv",
      "name": "SPIE Fleischhauer GmbH",
      "delta_vpi_percent": null,
      "status": "—",
      "new_net_amount": null,
      "indexation_details": null
    },
    {
      "tenant_id": "TEN-0020",
      "tenant_no": "37",
      "tenant_status": "Aktiv",
      "name": "Ländliche Erwachsenenbildung im Freistaat Sachsen e. V.",
      "delta_vpi_percent": null,
      "status": "—",
      "new_net_amount": null,
      "indexation_details": null
    },
    {
      "tenant_id": "TEN-0002",
      "tenant_no": "38",
      "tenant_status": "Aktiv",
      "name": "H & H Bürodienstleistungen und Reisebüro Hai Vu Dinh",
      "delta_vpi_percent": null,
      "status": "—",
      "new_net_amount": null,
      "indexation_details": null
    },
    {
      "tenant_id": "TEN-0021",
      "tenant_no": "40",
      "tenant_status": "Aktiv",
      "name": "Linguwerk GmbH",
      "delta_vpi_percent": null,
      "status": "—",
      "new_net_amount": null,
      "indexation_details": null
    },
    {
      "tenant_id": "TEN-0033",
      "tenant_no": "43",
      "tenant_status": "Aktiv",
      "name": "CfM GmbH & Co. KG Versicherungsmakler",
      "delta_vpi_percent": null,
      "status": "—",
      "new_net_amount": null,
      "indexation_details": null
    },
    {
      "tenant_id": "TEN-0016",
      "tenant_no": "45",
      "tenant_status": "Aktiv",
      "name": "Ingenieurbüro Kirsten",
      "delta_vpi_percent": null,
      "status": "—",
      "new_net_amount": null,
      "indexation_details": null
    },
    {
      "tenant_id": "TEN-0010",
      "tenant_no": "46",
      "tenant_status": "Aktiv",
      "name": "Helga Eckert",
      "delta_vpi_percent": null,
      "status": "—",
      "new_net_amount": null,
      "indexation_details": null
    },
    {
      "tenant_id": "TEN-0029",
      "tenant_no": "48",
      "tenant_status": "Aktiv",
      "name": "SVB Sachverständigenbüro Irmscher",
      "delta_vpi_percent": null,
      "status": "—",
      "new_net_amount": null,
      "indexation_details": null
    },
    {
      "tenant_id": "TEN-0058",
      "tenant_no": "51",
      "tenant_status": "Beendet",
      "name": "E.I.G.",
      "delta_vpi_percent": null,
      "status": "—",
      "new_net_amount": null,
      "indexation_details": null
    },
    {
      "tenant_id": "TEN-0009",
      "tenant_no": "53",
      "tenant_status": "Aktiv",
      "name": "EDV Medienconsult & Journalistik",
      "delta_vpi_percent": null,
      "status": "—",
      "new_net_amount": null,
      "indexation_details": null
    },
    {
      "tenant_id": "TEN-0022",
      "tenant_no": "54",
      "tenant_status": "Aktiv",
      "name": "Sachverständigenbüro Thomas Frick",
      "delta_vpi_percent": null,
      "status": "—",
      "new_net_amount": null,
      "indexation_details": null
    },
    {
      "tenant_id": "TEN-0004",
      "tenant_no": "56",
      "tenant_status": "Aktiv",
      "name": "BPS Bildungsportal Sachsen GmbH",
      "delta_vpi_percent": null,
      "status": "—",
      "new_net_amount": null,
      "indexation_details": null
    },
    {
      "tenant_id": "TEN-0032",
      "tenant_no": "64",
      "tenant_status": "Aktiv",
      "name": "Uhlig & Wehling GmbH Ingenieurgesellschaft",
      "delta_vpi_percent": null,
      "status": "—",
      "new_net_amount": null,
      "indexation_details": null
    },
    {
      "tenant_id": "TEN-0035",
      "tenant_no": "69",
      "tenant_status": "Aktiv",
      "name": "Willke rail construction GmbH & Co. KG",
      "delta_vpi_percent": null,
      "status": "—",
      "new_net_amount": null,
      "indexation_details": null
    },
    {
      "tenant_id": "TEN-0007",
      "tenant_no": "70",
      "tenant_status": "Aktiv",
      "name": "Dresdner Reisezentrum GmbH",
      "delta_vpi_percent": null,
      "status": "—",
      "new_net_amount": null,
      "indexation_details": null
    },
    {
      "tenant_id": "TEN-0024",
      "tenant_no": "75",
      "tenant_status": "Aktiv",
      "name": "Energie – Solar – Beratung Dipl.-Ing. (FH) Stephan Mücke",
      "delta_vpi_percent": null,
      "status": "—",
      "new_net_amount": null,
      "indexation_details": null
    },
    {
      "tenant_id": "TEN-0048",
      "tenant_no": "78",
      "tenant_status": "Aktiv",
      "name": "ABS Optronics GmbH",
      "delta_vpi_percent": null,
      "status": "—",
      "new_net_amount": null,
      "indexation_details": null
    },
    {
      "tenant_id": "TEN-0039",
      "tenant_no": "79",
      "tenant_status": "Aktiv",
      "name": "Prof. Burmeier Ingenieur GmbH",
      "delta_vpi_percent": null,
      "status": "—",
      "new_net_amount": null,
      "indexation_details": null
    },
    {
      "tenant_id": "TEN-0027",
      "tenant_no": "80",
      "tenant_status": "Aktiv",
      "name": "Buchhandlung Michael Rother",
      "delta_vpi_percent": null,
      "status": "—",
      "new_net_amount": null,
      "indexation_details": null
    },
    {
      "tenant_id": "TEN-0038",
      "tenant_no": "81",
      "tenant_status": "Aktiv",
      "name": "Vierhaus Steuerberatungsgesellschaft",
      "delta_vpi_percent": null,
      "status": "—",
      "new_net_amount": null,
      "indexation_details": null
    },
    {
      "tenant_id": "TEN-0011",
      "tenant_no": "83",
      "tenant_status": "Aktiv",
      "name": "Funk Versicherungsmakler GmbH",
      "delta_vpi_percent": null,
      "status": "—",
      "new_net_amount": null,
      "indexation_details": null
    },
    {
      "tenant_id": "TEN-0008",
      "tenant_no": "84",
      "tenant_status": "Aktiv",
      "name": "DC International Business Kultur und Service GmbH",
      "delta_vpi_percent": 2.506265664160412,
      "status": "OK",
      "new_net_amount": null,
      "indexation_details": {
        "type": "VPI",
        "direction": "upward_only",
        "threshold_percent": 3,
        "effective_from": "2024-08-01",
        "base_net_amount": 96.57,
        "currency": "EUR",
        "base_index_month": "2024-08",
        "base_index_value": 119.7,
        "adjustment_frequency": "on_threshold",
        "check_interval": "monthly",
        "adjustment_trigger": "immediate_on_exceedance",
        "notes": "Indexierung ab 01.08.2024; Anpassung sofort bei Überschreiten von 3 % VPI (monatliche Prüfung)."
      }
    },
    {
      "tenant_id": "TEN-0023",
      "tenant_no": "86",
      "tenant_status": "Aktiv",
      "name": "Obergerichtsvollzieher Kluge",
      "delta_vpi_percent": null,
      "status": "—",
      "new_net_amount": null,
      "indexation_details": null
    },
    {
      "tenant_id": "TEN-0036",
      "tenant_no": "89",
      "tenant_status": "Aktiv",
      "name": "yard fm GmbH",
      "delta_vpi_percent": null,
      "status": "—",
      "new_net_amount": null,
      "indexation_details": null
    },
    {
      "tenant_id": "TEN-0040",
      "tenant_no": "91",
      "tenant_status": "Aktiv",
      "name": "Institut für Angewandte Informatik e. V.",
      "delta_vpi_percent": null,
      "status": "—",
      "new_net_amount": null,
      "indexation_details": null
    },
    {
      "tenant_id": "TEN-0041",
      "tenant_no": "92",
      "tenant_status": "Aktiv",
      "name": "ATHENA Technologie Beratung GmbH",
      "delta_vpi_percent": null,
      "status": "—",
      "new_net_amount": null,
      "indexation_details": null
    },
    {
      "tenant_id": "TEN-0056",
      "tenant_no": "94",
      "tenant_status": "Beendet",
      "name": "Hausverwalter24 UG (haftungsbeschränkt)",
      "delta_vpi_percent": null,
      "status": "—",
      "new_net_amount": null,
      "indexation_details": null
    },
    {
      "tenant_id": "TEN-0043",
      "tenant_no": "95",
      "tenant_status": "Aktiv",
      "name": "dps Energie GmbH",
      "delta_vpi_percent": null,
      "status": "—",
      "new_net_amount": null,
      "indexation_details": null
    },
    {
      "tenant_id": "TEN-0042",
      "tenant_no": "96",
      "tenant_status": "Aktiv",
      "name": "SG Dresdner Bank Dresden e. V.",
      "delta_vpi_percent": null,
      "status": "—",
      "new_net_amount": null,
      "indexation_details": null
    },
    {
      "tenant_id": "TEN-0060",
      "tenant_no": "97",
      "tenant_status": "Aktiv",
      "name": "Leaders Academy Dresden",
      "delta_vpi_percent": null,
      "status": "—",
      "new_net_amount": null,
      "indexation_details": null
    },
    {
      "tenant_id": "TEN-0044",
      "tenant_no": "99",
      "tenant_status": "Aktiv",
      "name": "H & E Handel und Entwicklungs GmbH",
      "delta_vpi_percent": null,
      "status": "—",
      "new_net_amount": null,
      "indexation_details": null
    },
    {
      "tenant_id": "TEN-0045",
      "tenant_no": "101",
      "tenant_status": "Aktiv",
      "name": "BDS Sachsen e. V.",
      "delta_vpi_percent": null,
      "status": "—",
      "new_net_amount": null,
      "indexation_details": null
    },
    {
      "tenant_id": "TEN-0046",
      "tenant_no": "102",
      "tenant_status": "Aktiv",
      "name": "Reformer e. V.",
      "delta_vpi_percent": null,
      "status": "—",
      "new_net_amount": null,
      "indexation_details": null
    },
    {
      "tenant_id": "TEN-0049",
      "tenant_no": "103",
      "tenant_status": "Aktiv",
      "name": "ZT Outdoor Living GmbH",
      "delta_vpi_percent": null,
      "status": "—",
      "new_net_amount": null,
      "indexation_details": null
    },
    {
      "tenant_id": "TEN-0047",
      "tenant_no": "105",
      "tenant_status": "Aktiv",
      "name": "Sittner Kosmetik",
      "delta_vpi_percent": null,
      "status": "—",
      "new_net_amount": null,
      "indexation_details": null
    },
    {
      "tenant_id": "TEN-0050",
      "tenant_no": "106",
      "tenant_status": "Aktiv",
      "name": "Singakademie Dresden e. V.",
      "delta_vpi_percent": null,
      "status": "—",
      "new_net_amount": null,
      "indexation_details": null
    },
    {
      "tenant_id": "TEN-0061",
      "tenant_no": "107",
      "tenant_status": "Aktiv",
      "name": "Physiotherapie Bert Krüger",
      "delta_vpi_percent": null,
      "status": "—",
      "new_net_amount": null,
      "indexation_details": null
    },
    {
      "tenant_id": "TEN-0062",
      "tenant_no": "108",
      "tenant_status": "Aktiv",
      "name": "Dr. Eric J. Schöne",
      "delta_vpi_percent": null,
      "status": "—",
      "new_net_amount": null,
      "indexation_details": null
    },
    {
      "tenant_id": "TEN-0052",
      "tenant_no": "109",
      "tenant_status": "Aktiv",
      "name": "Michael Roth – 3D & VFX Artist",
      "delta_vpi_percent": null,
      "status": "—",
      "new_net_amount": null,
      "indexation_details": null
    },
    {
      "tenant_id": "TEN-0054",
      "tenant_no": "N",
      "tenant_status": "Aktiv",
      "name": "HMMW Habich Müller-Magdeburg Weber",
      "delta_vpi_percent": null,
      "status": "—",
      "new_net_amount": null,
      "indexation_details": null
    },
    {
      "tenant_id": "TEN-0030",
      "tenant_no": "SP",
      "tenant_status": "Aktiv",
      "name": "Sachverständigenbüro Holger Hertwig",
      "delta_vpi_percent": null,
      "status": "—",
      "new_net_amount": null,
      "indexation_details": null
    },
    {
      "tenant_id": "TEN-0053",
      "tenant_no": "",
      "tenant_status": "Aktiv",
      "name": "Gesellschaft für Bahnentwicklung und -beratung (GBB) UG (haftungsbeschränkt)",
      "delta_vpi_percent": null,
      "status": "—",
      "new_net_amount": null,
      "indexation_details": null
    },
    {
      "tenant_id": "TEN-0051",
      "tenant_no": "",
      "tenant_status": "Aktiv",
      "name": "INC Ingenieurbüro Noske & Co. GmbH",
      "delta_vpi_percent": null,
      "status": "—",
      "new_net_amount": null,
      "indexation_details": null
    },
    {
      "tenant_id": "TEN-0059",
      "tenant_no": "",
      "tenant_status": "Beendet",
      "name": "Lauck & Partner",
      "delta_vpi_percent": null,
      "status": "—",
      "new_net_amount": null,
      "indexation_details": null
    }
  ]
}